{
    "energy": -8529.944077797867,
    "charges": [
        0.11149755120277405,
        -0.17943701148033142,
        -0.17891831696033478,
        0.10818953067064285,
        -0.09160076081752777,
        -0.129648357629776,
        -0.142738476395607,
        0.06545457988977432,
        -0.1335458755493164,
        0.08697763085365295,
        0.06366714090108871,
        -0.14189413189888,
        -0.0935915857553482,
        0.06947141885757446,
        0.0757673904299736,
        0.08424530178308487,
        0.06500263512134552,
        0.06822580099105835,
        0.06707920879125595,
        0.06881821900606155,
        0.08571899682283401,
        0.07125914096832275
    ],
    "dipole_moment": 0.09298589976432402
}